Date,Product_Category,Product_Name,Region,Channel,Units_Sold,Revenue,Cost,Marketing_Spend,Customers,Orders,Return_Rate,Rating,Inventory_Level
2024-01-01,Electronics,Smartphone Pro,North,Online,1250,187500,120000,15000,980,1100,0.02,4.5,450
2024-01-02,Electronics,Smartphone Pro,North,Online,1320,198000,126720,16000,1050,1180,0.018,4.6,420
2024-01-03,Electronics,Smartphone Pro,South,Online,1180,177000,113280,14500,920,1050,0.022,4.4,380
2024-01-04,Electronics,Smartphone Pro,East,Retail,980,147000,94080,12000,750,890,0.025,4.3,350
2024-01-05,Electronics,Smartphone Pro,West,Online,1420,213000,136320,17500,1120,1300,0.015,4.7,500
2024-01-06,Electronics,Tablet Air,North,Online,890,133500,85440,11000,680,820,0.028,4.2,320
2024-01-07,Electronics,Tablet Air,South,Online,750,112500,72000,9500,580,700,0.032,4.1,280
2024-01-08,Electronics,Tablet Air,East,Retail,620,93000,59520,7800,480,580,0.035,4.0,250
2024-01-09,Electronics,Tablet Air,West,Online,950,142500,91200,12000,720,870,0.025,4.4,380
2024-01-10,Electronics,Laptop Elite,North,Online,450,135000,86400,18000,380,420,0.012,4.8,200
2024-01-11,Electronics,Laptop Elite,South,Online,520,156000,99840,20000,440,480,0.015,4.7,180
2024-01-12,Electronics,Laptop Elite,East,Retail,380,114000,72960,15000,320,350,0.018,4.6,150
2024-01-13,Electronics,Laptop Elite,West,Online,580,174000,111360,22000,490,540,0.010,4.9,220
2024-01-14,Clothing,Winter Jacket,North,Online,2100,105000,63000,12000,1800,1950,0.045,4.3,800
2024-01-15,Clothing,Winter Jacket,South,Online,1850,92500,55500,11000,1600,1700,0.048,4.2,750
2024-01-16,Clothing,Winter Jacket,East,Retail,1650,82500,49500,10000,1400,1500,0.050,4.1,700
2024-01-17,Clothing,Winter Jacket,West,Online,2200,110000,66000,13000,1900,2050,0.042,4.4,850
2024-01-18,Clothing,Summer Dress,North,Online,3200,96000,57600,15000,2800,3000,0.038,4.5,1200
2024-01-19,Clothing,Summer Dress,South,Online,2950,88500,53100,14000,2600,2800,0.040,4.4,1100
2024-01-20,Clothing,Summer Dress,East,Retail,2700,81000,48600,13000,2400,2600,0.042,4.3,1000
2024-01-21,Clothing,Summer Dress,West,Online,3400,102000,61200,16000,3000,3200,0.035,4.6,1300
2024-01-22,Clothing,Jeans Classic,North,Online,2800,84000,50400,12000,2400,2600,0.030,4.4,1000
2024-01-23,Clothing,Jeans Classic,South,Online,2650,79500,47700,11500,2300,2500,0.032,4.3,950
2024-01-24,Clothing,Jeans Classic,East,Retail,2500,75000,45000,11000,2200,2400,0.033,4.2,900
2024-01-25,Clothing,Jeans Classic,West,Online,2950,88500,53100,12500,2500,2700,0.028,4.5,1050
2024-01-26,Home & Garden,Garden Tools Set,North,Online,450,67500,40500,8000,380,420,0.020,4.6,200
2024-01-27,Home & Garden,Garden Tools Set,South,Online,520,78000,46800,9000,440,480,0.018,4.7,180
2024-01-28,Home & Garden,Garden Tools Set,East,Retail,380,57000,34200,7000,320,350,0.022,4.5,150
2024-01-29,Home & Garden,Garden Tools Set,West,Online,580,87000,52200,10000,490,540,0.015,4.8,220
2024-01-30,Home & Garden,Kitchen Blender,North,Online,1200,72000,43200,10000,980,1100,0.025,4.4,500
2024-01-31,Home & Garden,Kitchen Blender,South,Online,1350,81000,48600,11000,1100,1250,0.022,4.5,450
2024-02-01,Home & Garden,Kitchen Blender,East,Retail,1100,66000,39600,9500,900,1000,0.028,4.3,400
2024-02-02,Home & Garden,Kitchen Blender,West,Online,1450,87000,52200,12000,1180,1350,0.020,4.6,550
2024-02-03,Electronics,Smartphone Pro,North,Online,1380,207000,132480,16500,1100,1250,0.016,4.6,480
2024-02-04,Electronics,Smartphone Pro,South,Online,1250,187500,120000,15000,1000,1150,0.018,4.5,440
2024-02-05,Electronics,Smartphone Pro,East,Retail,1050,157500,100800,13000,850,950,0.020,4.4,400
2024-02-06,Electronics,Smartphone Pro,West,Online,1480,222000,142080,18000,1180,1350,0.014,4.7,520
2024-02-07,Electronics,Tablet Air,North,Online,920,138000,88320,11200,700,850,0.026,4.3,340
2024-02-08,Electronics,Tablet Air,South,Online,780,117000,74880,9800,600,720,0.030,4.2,300
2024-02-09,Electronics,Tablet Air,East,Retail,650,97500,62400,8200,500,600,0.033,4.1,270
2024-02-10,Electronics,Tablet Air,West,Online,980,147000,94080,12200,750,900,0.024,4.4,400
2024-02-11,Electronics,Laptop Elite,North,Online,480,144000,92160,19000,400,450,0.011,4.8,210
2024-02-12,Electronics,Laptop Elite,South,Online,550,165000,105600,21000,460,510,0.013,4.7,190
2024-02-13,Electronics,Laptop Elite,East,Retail,400,120000,76800,16000,340,380,0.016,4.6,160
2024-02-14,Electronics,Laptop Elite,West,Online,620,186000,119040,23000,520,580,0.009,4.9,240
2024-02-15,Clothing,Winter Jacket,North,Online,2250,112500,67500,12500,1950,2100,0.043,4.4,820
2024-02-16,Clothing,Winter Jacket,South,Online,1950,97500,58500,11500,1700,1850,0.046,4.3,780
2024-02-17,Clothing,Winter Jacket,East,Retail,1750,87500,52500,10500,1500,1650,0.048,4.2,720
2024-02-18,Clothing,Winter Jacket,West,Online,2350,117500,70500,13500,2050,2200,0.040,4.5,880
2024-02-19,Clothing,Summer Dress,North,Online,3350,100500,60300,15500,2950,3150,0.036,4.6,1250
2024-02-20,Clothing,Summer Dress,South,Online,3100,93000,55800,14500,2750,2950,0.038,4.5,1150
2024-02-21,Clothing,Summer Dress,East,Retail,2850,85500,51300,13500,2550,2750,0.040,4.4,1050
2024-02-22,Clothing,Summer Dress,West,Online,3550,106500,63900,16500,3150,3350,0.033,4.7,1350
2024-02-23,Clothing,Jeans Classic,North,Online,2900,87000,52200,12200,2500,2700,0.028,4.5,1050
2024-02-24,Clothing,Jeans Classic,South,Online,2750,82500,49500,11700,2400,2600,0.030,4.4,1000
2024-02-25,Clothing,Jeans Classic,East,Retail,2600,78000,46800,11200,2300,2500,0.031,4.3,950
2024-02-26,Clothing,Jeans Classic,West,Online,3050,91500,54900,12700,2600,2800,0.026,4.6,1100
2024-02-27,Home & Garden,Garden Tools Set,North,Online,480,72000,43200,8500,400,440,0.018,4.7,210
2024-02-28,Home & Garden,Garden Tools Set,South,Online,550,82500,49500,9500,460,500,0.016,4.8,190
2024-02-29,Home & Garden,Garden Tools Set,East,Retail,400,60000,36000,7500,340,380,0.020,4.6,170
2024-03-01,Home & Garden,Garden Tools Set,West,Online,620,93000,55800,10500,520,580,0.014,4.9,240
2024-03-02,Home & Garden,Kitchen Blender,North,Online,1250,75000,45000,10200,1020,1150,0.023,4.5,520
2024-03-03,Home & Garden,Kitchen Blender,South,Online,1400,84000,50400,11200,1150,1300,0.020,4.6,480
2024-03-04,Home & Garden,Kitchen Blender,East,Retail,1150,69000,41400,9800,950,1050,0.026,4.4,420
2024-03-05,Home & Garden,Kitchen Blender,West,Online,1500,90000,54000,12500,1220,1400,0.018,4.7,580
2024-03-06,Electronics,Smartphone Pro,North,Online,1420,213000,136320,17000,1140,1300,0.015,4.7,500
2024-03-07,Electronics,Smartphone Pro,South,Online,1280,192000,122880,15500,1030,1180,0.017,4.6,460
2024-03-08,Electronics,Smartphone Pro,East,Retail,1100,165000,105600,13500,900,1000,0.019,4.5,420
2024-03-09,Electronics,Smartphone Pro,West,Online,1520,228000,145920,18500,1220,1400,0.013,4.8,540
2024-03-10,Electronics,Tablet Air,North,Online,950,142500,91200,11500,720,870,0.025,4.4,360
2024-03-11,Electronics,Tablet Air,South,Online,820,123000,78720,10000,630,760,0.028,4.3,320
2024-03-12,Electronics,Tablet Air,East,Retail,680,102000,65280,8500,520,630,0.031,4.2,290
2024-03-13,Electronics,Tablet Air,West,Online,1020,153000,97920,12500,780,940,0.022,4.5,420
2024-03-14,Electronics,Laptop Elite,North,Online,500,150000,96000,19500,420,470,0.010,4.8,220
2024-03-15,Electronics,Laptop Elite,South,Online,570,171000,109440,21500,480,530,0.012,4.7,200
2024-03-16,Electronics,Laptop Elite,East,Retail,420,126000,80640,17000,360,400,0.015,4.6,170
2024-03-17,Electronics,Laptop Elite,West,Online,650,195000,124800,24000,550,610,0.008,4.9,260
2024-03-18,Clothing,Winter Jacket,North,Online,2400,120000,72000,13000,2100,2250,0.041,4.5,850
2024-03-19,Clothing,Winter Jacket,South,Online,2100,105000,63000,12000,1850,2000,0.044,4.4,800
2024-03-20,Clothing,Winter Jacket,East,Retail,1900,95000,57000,11000,1650,1800,0.046,4.3,750
2024-03-21,Clothing,Winter Jacket,West,Online,2500,125000,75000,14000,2200,2350,0.038,4.6,900
2024-03-22,Clothing,Summer Dress,North,Online,3500,105000,63000,16000,3100,3300,0.034,4.7,1300
2024-03-23,Clothing,Summer Dress,South,Online,3250,97500,58500,15000,2900,3100,0.036,4.6,1200
2024-03-24,Clothing,Summer Dress,East,Retail,3000,90000,54000,14000,2700,2900,0.038,4.5,1100
2024-03-25,Clothing,Summer Dress,West,Online,3700,111000,66600,17000,3300,3500,0.031,4.8,1400
2024-03-26,Clothing,Jeans Classic,North,Online,3000,90000,54000,12500,2600,2800,0.027,4.6,1100
2024-03-27,Clothing,Jeans Classic,South,Online,2850,85500,51300,12000,2500,2700,0.029,4.5,1050
2024-03-28,Clothing,Jeans Classic,East,Retail,2700,81000,48600,11500,2400,2600,0.030,4.4,1000
2024-03-29,Clothing,Jeans Classic,West,Online,3150,94500,56700,13000,2700,2900,0.025,4.7,1150
2024-03-30,Home & Garden,Garden Tools Set,North,Online,500,75000,45000,8800,420,460,0.017,4.8,220
2024-03-31,Home & Garden,Garden Tools Set,South,Online,580,87000,52200,10000,490,540,0.015,4.9,200
2024-04-01,Home & Garden,Garden Tools Set,East,Retail,420,63000,37800,8000,360,400,0.019,4.7,180
2024-04-02,Home & Garden,Garden Tools Set,West,Online,650,97500,58500,11000,550,610,0.013,5.0,250
2024-04-03,Home & Garden,Kitchen Blender,North,Online,1300,78000,46800,10500,1060,1200,0.021,4.6,540
2024-04-04,Home & Garden,Kitchen Blender,South,Online,1450,87000,52200,11500,1180,1350,0.019,4.7,500
2024-04-05,Home & Garden,Kitchen Blender,East,Retail,1200,72000,43200,10000,980,1100,0.024,4.5,440
2024-04-06,Home & Garden,Kitchen Blender,West,Online,1550,93000,55800,12800,1260,1450,0.017,4.8,600
2024-04-07,Electronics,Smartphone Pro,North,Online,1450,217500,139200,17500,1160,1320,0.014,4.7,520
2024-04-08,Electronics,Smartphone Pro,South,Online,1320,198000,126720,16000,1060,1210,0.016,4.6,480
2024-04-09,Electronics,Smartphone Pro,East,Retail,1120,168000,107520,14000,920,1020,0.018,4.5,440
2024-04-10,Electronics,Smartphone Pro,West,Online,1550,232500,148800,19000,1240,1420,0.012,4.8,560
2024-04-11,Electronics,Tablet Air,North,Online,980,147000,94080,11800,750,900,0.024,4.4,370
2024-04-12,Electronics,Tablet Air,South,Online,850,127500,81600,10200,650,780,0.027,4.3,330
2024-04-13,Electronics,Tablet Air,East,Retail,700,105000,67200,8800,540,650,0.030,4.2,300
2024-04-14,Electronics,Tablet Air,West,Online,1050,157500,100800,12800,800,960,0.021,4.5,440
2024-04-15,Electronics,Laptop Elite,North,Online,520,156000,99840,20000,440,490,0.009,4.8,230
2024-04-16,Electronics,Laptop Elite,South,Online,590,177000,113280,22000,500,550,0.011,4.7,210
2024-04-17,Electronics,Laptop Elite,East,Retail,440,132000,84480,17500,380,420,0.014,4.6,180
2024-04-18,Electronics,Laptop Elite,West,Online,670,201000,128640,24500,570,630,0.007,4.9,270
2024-04-19,Clothing,Winter Jacket,North,Online,2550,127500,76500,13500,2250,2400,0.039,4.6,880
2024-04-20,Clothing,Winter Jacket,South,Online,2200,110000,66000,12500,1950,2100,0.042,4.5,830
2024-04-21,Clothing,Winter Jacket,East,Retail,2000,100000,60000,11500,1750,1900,0.044,4.4,780
2024-04-22,Clothing,Winter Jacket,West,Online,2650,132500,79500,14500,2350,2500,0.036,4.7,930
2024-04-23,Clothing,Summer Dress,North,Online,3650,109500,65700,16500,3250,3450,0.032,4.8,1350
2024-04-24,Clothing,Summer Dress,South,Online,3400,102000,61200,15500,3050,3250,0.034,4.7,1250
2024-04-25,Clothing,Summer Dress,East,Retail,3150,94500,56700,14500,2850,3050,0.036,4.6,1150
2024-04-26,Clothing,Summer Dress,West,Online,3850,115500,69300,17500,3450,3650,0.029,4.9,1450
2024-04-27,Clothing,Jeans Classic,North,Online,3100,93000,55800,12800,2700,2900,0.026,4.6,1150
2024-04-28,Clothing,Jeans Classic,South,Online,2950,88500,53100,12300,2600,2800,0.028,4.5,1100
2024-04-29,Clothing,Jeans Classic,East,Retail,2800,84000,50400,11800,2500,2700,0.029,4.4,1050
2024-04-30,Clothing,Jeans Classic,West,Online,3250,97500,58500,13200,2800,3000,0.024,4.7,1200
2024-05-01,Home & Garden,Garden Tools Set,North,Online,520,78000,46800,9000,440,480,0.016,4.8,230
2024-05-02,Home & Garden,Garden Tools Set,South,Online,600,90000,54000,10000,510,560,0.014,4.9,210
2024-05-03,Home & Garden,Garden Tools Set,East,Retail,440,66000,39600,8200,380,420,0.018,4.7,190
2024-05-04,Home & Garden,Garden Tools Set,West,Online,680,102000,61200,11000,580,640,0.012,5.0,260
2024-05-05,Home & Garden,Kitchen Blender,North,Online,1350,81000,48600,10800,1100,1250,0.020,4.7,560
2024-05-06,Home & Garden,Kitchen Blender,South,Online,1500,90000,54000,11800,1220,1400,0.018,4.8,520
2024-05-07,Home & Garden,Kitchen Blender,East,Retail,1250,75000,45000,10300,1020,1150,0.023,4.6,460
2024-05-08,Home & Garden,Kitchen Blender,West,Online,1600,96000,57600,13000,1300,1500,0.016,4.9,620
2024-05-09,Electronics,Smartphone Pro,North,Online,1480,222000,142080,18000,1180,1350,0.013,4.8,540
2024-05-10,Electronics,Smartphone Pro,South,Online,1350,202500,129600,16500,1080,1230,0.015,4.7,500
2024-05-11,Electronics,Smartphone Pro,East,Retail,1150,172500,110400,14500,930,1050,0.017,4.6,460
2024-05-12,Electronics,Smartphone Pro,West,Online,1580,237000,151680,19500,1260,1440,0.011,4.9,580
2024-05-13,Electronics,Tablet Air,North,Online,1000,150000,96000,12000,760,920,0.023,4.5,380
2024-05-14,Electronics,Tablet Air,South,Online,880,132000,84480,10500,680,820,0.026,4.4,340
2024-05-15,Electronics,Tablet Air,East,Retail,720,108000,69120,9000,560,680,0.029,4.3,310
2024-05-16,Electronics,Tablet Air,West,Online,1080,162000,103680,13500,820,990,0.020,4.6,460
2024-05-17,Electronics,Laptop Elite,North,Online,540,162000,103680,20500,460,510,0.008,4.9,240
2024-05-18,Electronics,Laptop Elite,South,Online,610,183000,117120,22500,520,570,0.010,4.8,220
2024-05-19,Electronics,Laptop Elite,East,Retail,460,138000,88320,18000,400,440,0.013,4.7,190
2024-05-20,Electronics,Laptop Elite,West,Online,690,207000,132480,25000,590,650,0.006,5.0,280
2024-05-21,Clothing,Winter Jacket,North,Online,2700,135000,81000,14000,2400,2550,0.037,4.7,920
2024-05-22,Clothing,Winter Jacket,South,Online,2350,117500,70500,13000,2100,2250,0.040,4.6,870
2024-05-23,Clothing,Winter Jacket,East,Retail,2150,107500,64500,12000,1900,2050,0.042,4.5,820
2024-05-24,Clothing,Winter Jacket,West,Online,2800,140000,84000,15000,2500,2650,0.034,4.8,970
2024-05-25,Clothing,Summer Dress,North,Online,3800,114000,68400,17000,3400,3600,0.030,4.9,1400
2024-05-26,Clothing,Summer Dress,South,Online,3550,106500,63900,16000,3200,3400,0.032,4.8,1300
2024-05-27,Clothing,Summer Dress,East,Retail,3300,99000,59400,15000,3000,3200,0.034,4.7,1200
2024-05-28,Clothing,Summer Dress,West,Online,4000,120000,72000,18000,3600,3800,0.027,5.0,1500
2024-05-29,Clothing,Jeans Classic,North,Online,3200,96000,57600,13000,2800,3000,0.025,4.7,1200
2024-05-30,Clothing,Jeans Classic,South,Online,3050,91500,54900,12500,2700,2900,0.027,4.6,1150
2024-05-31,Clothing,Jeans Classic,East,Retail,2900,87000,52200,12000,2600,2800,0.028,4.5,1100
2024-06-01,Clothing,Jeans Classic,West,Online,3350,100500,60300,13500,2900,3100,0.023,4.8,1250
2024-06-02,Home & Garden,Garden Tools Set,North,Online,540,81000,48600,9200,460,500,0.015,4.9,240
2024-06-03,Home & Garden,Garden Tools Set,South,Online,620,93000,55800,10200,530,580,0.013,5.0,220
2024-06-04,Home & Garden,Garden Tools Set,East,Retail,460,69000,41400,8500,400,440,0.017,4.8,200
2024-06-05,Home & Garden,Garden Tools Set,West,Online,710,106500,63900,11200,610,670,0.011,5.0,270
2024-06-06,Home & Garden,Kitchen Blender,North,Online,1400,84000,50400,11000,1140,1300,0.019,4.8,580
2024-06-07,Home & Garden,Kitchen Blender,South,Online,1550,93000,55800,12000,1260,1450,0.017,4.9,540
2024-06-08,Home & Garden,Kitchen Blender,East,Retail,1300,78000,46800,10500,1060,1200,0.022,4.7,480
2024-06-09,Home & Garden,Kitchen Blender,West,Online,1650,99000,59400,13200,1340,1550,0.015,5.0,640
2024-06-10,Electronics,Smartphone Pro,North,Online,1500,225000,144000,18500,1200,1370,0.012,4.8,560
2024-06-11,Electronics,Smartphone Pro,South,Online,1380,207000,132480,17000,1110,1270,0.014,4.7,520
2024-06-12,Electronics,Smartphone Pro,East,Retail,1180,177000,113280,15000,960,1080,0.016,4.6,480
2024-06-13,Electronics,Smartphone Pro,West,Online,1620,243000,155520,20000,1300,1480,0.010,4.9,600
2024-06-14,Electronics,Tablet Air,North,Online,1020,153000,97920,12200,780,940,0.022,4.6,390
2024-06-15,Electronics,Tablet Air,South,Online,900,135000,86400,10800,690,830,0.025,4.5,350
2024-06-16,Electronics,Tablet Air,East,Retail,750,112500,72000,9500,580,700,0.028,4.4,320
2024-06-17,Electronics,Tablet Air,West,Online,1120,168000,107520,14000,850,1020,0.019,4.7,480
2024-06-18,Electronics,Laptop Elite,North,Online,560,168000,107520,21000,480,530,0.007,5.0,250
2024-06-19,Electronics,Laptop Elite,South,Online,630,189000,120960,23000,540,590,0.009,4.9,230
2024-06-20,Electronics,Laptop Elite,East,Retail,480,144000,92160,18500,420,460,0.012,4.8,200
2024-06-21,Electronics,Laptop Elite,West,Online,720,216000,138240,25500,620,680,0.005,5.0,290
2024-06-22,Clothing,Winter Jacket,North,Online,2850,142500,85500,14500,2550,2700,0.035,4.8,960
2024-06-23,Clothing,Winter Jacket,South,Online,2500,125000,75000,13500,2250,2400,0.038,4.7,910
2024-06-24,Clothing,Winter Jacket,East,Retail,2300,115000,69000,12500,2050,2200,0.040,4.6,860
2024-06-25,Clothing,Winter Jacket,West,Online,2950,147500,88500,15500,2650,2800,0.032,4.9,1010
2024-06-26,Clothing,Summer Dress,North,Online,3950,118500,71100,17500,3550,3750,0.028,5.0,1450
2024-06-27,Clothing,Summer Dress,South,Online,3700,111000,66600,16500,3350,3550,0.030,4.9,1350
2024-06-28,Clothing,Summer Dress,East,Retail,3450,103500,62100,15500,3150,3350,0.032,4.8,1250
2024-06-29,Clothing,Summer Dress,West,Online,4150,124500,74700,18500,3750,3950,0.025,5.0,1550
2024-06-30,Clothing,Jeans Classic,North,Online,3300,99000,59400,13200,2900,3100,0.024,4.8,1250
2024-07-01,Clothing,Jeans Classic,South,Online,3150,94500,56700,12700,2800,3000,0.026,4.7,1200
2024-07-02,Clothing,Jeans Classic,East,Retail,3000,90000,54000,12200,2700,2900,0.027,4.6,1150
2024-07-03,Clothing,Jeans Classic,West,Online,3450,103500,62100,13700,3000,3200,0.022,4.9,1300
2024-07-04,Home & Garden,Garden Tools Set,North,Online,560,84000,50400,9400,480,520,0.014,5.0,250
2024-07-05,Home & Garden,Garden Tools Set,South,Online,640,96000,57600,10400,550,600,0.012,5.0,230
2024-07-06,Home & Garden,Garden Tools Set,East,Retail,480,72000,43200,8700,420,460,0.016,4.9,210
2024-07-07,Home & Garden,Garden Tools Set,West,Online,740,111000,66600,11400,640,700,0.010,5.0,280
2024-07-08,Home & Garden,Kitchen Blender,North,Online,1450,87000,52200,11200,1180,1350,0.018,4.9,600
2024-07-09,Home & Garden,Kitchen Blender,South,Online,1600,96000,57600,12200,1300,1500,0.016,5.0,560
2024-07-10,Home & Garden,Kitchen Blender,East,Retail,1350,81000,48600,10700,1100,1250,0.021,4.8,500
2024-07-11,Home & Garden,Kitchen Blender,West,Online,1700,102000,61200,13500,1380,1600,0.014,5.0,660
2024-07-12,Electronics,Smartphone Pro,North,Online,1520,228000,145920,19000,1220,1390,0.011,4.9,580
2024-07-13,Electronics,Smartphone Pro,South,Online,1400,210000,134400,17500,1120,1280,0.013,4.8,540
2024-07-14,Electronics,Smartphone Pro,East,Retail,1200,180000,115200,15500,970,1100,0.015,4.7,500
2024-07-15,Electronics,Smartphone Pro,West,Online,1650,247500,158400,20500,1320,1510,0.009,5.0,620
2024-07-16,Electronics,Tablet Air,North,Online,1050,157500,100800,12500,800,960,0.021,4.7,400
2024-07-17,Electronics,Tablet Air,South,Online,920,138000,88320,11000,700,840,0.024,4.6,360
2024-07-18,Electronics,Tablet Air,East,Retail,780,117000,74880,9800,600,720,0.027,4.5,330
2024-07-19,Electronics,Tablet Air,West,Online,1150,172500,110400,14500,870,1050,0.018,4.8,490
2024-07-20,Electronics,Laptop Elite,North,Online,580,174000,111360,21500,500,550,0.006,5.0,260
2024-07-21,Electronics,Laptop Elite,South,Online,650,195000,124800,23500,560,610,0.008,4.9,240
2024-07-22,Electronics,Laptop Elite,East,Retail,500,150000,96000,19000,440,480,0.011,4.8,210
2024-07-23,Electronics,Laptop Elite,West,Online,750,225000,144000,26000,650,710,0.004,5.0,300
2024-07-24,Clothing,Winter Jacket,North,Online,3000,150000,90000,15000,2700,2850,0.033,4.9,1000
2024-07-25,Clothing,Winter Jacket,South,Online,2650,132500,79500,14000,2400,2550,0.036,4.8,950
2024-07-26,Clothing,Winter Jacket,East,Retail,2450,122500,73500,13000,2200,2350,0.038,4.7,900
2024-07-27,Clothing,Winter Jacket,West,Online,3100,155000,93000,16000,2800,2950,0.030,5.0,1050
2024-07-28,Clothing,Summer Dress,North,Online,4100,123000,73800,18000,3700,3900,0.026,5.0,1500
2024-07-29,Clothing,Summer Dress,South,Online,3850,115500,69300,17000,3500,3700,0.028,5.0,1400
2024-07-30,Clothing,Summer Dress,East,Retail,3600,108000,64800,16000,3300,3500,0.030,4.9,1300
2024-07-31,Clothing,Summer Dress,West,Online,4300,129000,77400,19000,3900,4100,0.023,5.0,1600
2024-08-01,Clothing,Jeans Classic,North,Online,3400,102000,61200,13500,3000,3200,0.023,4.9,1300
2024-08-02,Clothing,Jeans Classic,South,Online,3250,97500,58500,13000,2900,3100,0.025,4.8,1250
2024-08-03,Clothing,Jeans Classic,East,Retail,3100,93000,55800,12500,2800,3000,0.026,4.7,1200
2024-08-04,Clothing,Jeans Classic,West,Online,3550,106500,63900,14000,3100,3300,0.021,5.0,1350
2024-08-05,Home & Garden,Garden Tools Set,North,Online,580,87000,52200,9600,500,540,0.013,5.0,260
2024-08-06,Home & Garden,Garden Tools Set,South,Online,660,99000,59400,10600,570,620,0.011,5.0,240
2024-08-07,Home & Garden,Garden Tools Set,East,Retail,500,75000,45000,8900,440,480,0.015,5.0,220
2024-08-08,Home & Garden,Garden Tools Set,West,Online,770,115500,69300,11600,670,730,0.009,5.0,290
2024-08-09,Home & Garden,Kitchen Blender,North,Online,1500,90000,54000,11400,1220,1400,0.017,5.0,620
2024-08-10,Home & Garden,Kitchen Blender,South,Online,1650,99000,59400,12400,1340,1550,0.015,5.0,580
2024-08-11,Home & Garden,Kitchen Blender,East,Retail,1400,84000,50400,10900,1140,1300,0.020,4.9,520
2024-08-12,Home & Garden,Kitchen Blender,West,Online,1750,105000,63000,13800,1420,1650,0.013,5.0,680
2024-08-13,Electronics,Smartphone Pro,North,Online,1550,232500,148800,19500,1240,1410,0.010,5.0,600
2024-08-14,Electronics,Smartphone Pro,South,Online,1420,213000,136320,18000,1140,1300,0.012,4.9,560
2024-08-15,Electronics,Smartphone Pro,East,Retail,1220,183000,117120,16000,990,1120,0.014,4.8,520
2024-08-16,Electronics,Smartphone Pro,West,Online,1680,252000,161280,21000,1350,1540,0.008,5.0,640
2024-08-17,Electronics,Tablet Air,North,Online,1080,162000,103680,12800,820,990,0.020,4.8,410
2024-08-18,Electronics,Tablet Air,South,Online,950,142500,91200,11200,720,870,0.023,4.7,370
2024-08-19,Electronics,Tablet Air,East,Retail,800,120000,76800,10000,610,740,0.026,4.6,340
2024-08-20,Electronics,Tablet Air,West,Online,1180,177000,113280,15000,890,1070,0.017,4.9,510
2024-08-21,Electronics,Laptop Elite,North,Online,600,180000,115200,22000,520,570,0.005,5.0,270
2024-08-22,Electronics,Laptop Elite,South,Online,670,201000,128640,24000,580,630,0.007,5.0,250
2024-08-23,Electronics,Laptop Elite,East,Retail,520,156000,99840,19500,460,500,0.010,4.9,220
2024-08-24,Electronics,Laptop Elite,West,Online,780,234000,149760,26500,680,740,0.003,5.0,310
2024-08-25,Clothing,Winter Jacket,North,Online,3150,157500,94500,15500,2850,3000,0.031,5.0,1040
2024-08-26,Clothing,Winter Jacket,South,Online,2800,140000,84000,14500,2550,2700,0.034,4.9,990
2024-08-27,Clothing,Winter Jacket,East,Retail,2600,130000,78000,13500,2350,2500,0.036,4.8,940
2024-08-28,Clothing,Winter Jacket,West,Online,3250,162500,97500,16500,2950,3100,0.028,5.0,1090
2024-08-29,Clothing,Summer Dress,North,Online,4250,127500,76500,18500,3850,4050,0.024,5.0,1550
2024-08-30,Clothing,Summer Dress,South,Online,4000,120000,72000,17500,3650,3850,0.026,5.0,1450
2024-08-31,Clothing,Summer Dress,East,Retail,3750,112500,67500,16500,3450,3650,0.028,5.0,1350
2024-09-01,Clothing,Summer Dress,West,Online,4450,133500,80100,19500,4050,4250,0.021,5.0,1650
2024-09-02,Clothing,Jeans Classic,North,Online,3500,105000,63000,13800,3100,3300,0.022,5.0,1350
2024-09-03,Clothing,Jeans Classic,South,Online,3350,100500,60300,13300,3000,3200,0.024,5.0,1300
2024-09-04,Clothing,Jeans Classic,East,Retail,3200,96000,57600,12800,2900,3100,0.025,4.9,1250
2024-09-05,Clothing,Jeans Classic,West,Online,3650,109500,65700,14300,3200,3400,0.020,5.0,1400
2024-09-06,Home & Garden,Garden Tools Set,North,Online,600,90000,54000,9800,520,560,0.012,5.0,270
2024-09-07,Home & Garden,Garden Tools Set,South,Online,680,102000,61200,10800,590,640,0.010,5.0,250
2024-09-08,Home & Garden,Garden Tools Set,East,Retail,520,78000,46800,9100,460,500,0.014,5.0,230
2024-09-09,Home & Garden,Garden Tools Set,West,Online,800,120000,72000,11800,700,760,0.008,5.0,300
2024-09-10,Home & Garden,Kitchen Blender,North,Online,1550,93000,55800,11600,1260,1450,0.016,5.0,640
2024-09-11,Home & Garden,Kitchen Blender,South,Online,1700,102000,61200,12600,1380,1600,0.014,5.0,600
2024-09-12,Home & Garden,Kitchen Blender,East,Retail,1450,87000,52200,11100,1180,1350,0.019,5.0,540
2024-09-13,Home & Garden,Kitchen Blender,West,Online,1800,108000,64800,14000,1460,1700,0.012,5.0,700
2024-09-14,Electronics,Smartphone Pro,North,Online,1580,237000,151680,20000,1260,1440,0.009,5.0,620
2024-09-15,Electronics,Smartphone Pro,South,Online,1450,217500,139200,18500,1160,1320,0.011,5.0,580
2024-09-16,Electronics,Smartphone Pro,East,Retail,1250,187500,120000,16500,1010,1150,0.013,4.9,540
2024-09-17,Electronics,Smartphone Pro,West,Online,1720,258000,165120,21500,1380,1570,0.007,5.0,660
2024-09-18,Electronics,Tablet Air,North,Online,1100,165000,105600,13000,840,1010,0.019,4.9,420
2024-09-19,Electronics,Tablet Air,South,Online,980,147000,94080,11500,750,900,0.022,4.8,380
2024-09-20,Electronics,Tablet Air,East,Retail,830,124500,79680,10200,640,770,0.025,4.7,350
2024-09-21,Electronics,Tablet Air,West,Online,1220,183000,117120,15500,930,1120,0.016,5.0,530
2024-09-22,Electronics,Laptop Elite,North,Online,620,186000,119040,22500,540,590,0.004,5.0,280
2024-09-23,Electronics,Laptop Elite,South,Online,690,207000,132480,24500,600,650,0.006,5.0,260
2024-09-24,Electronics,Laptop Elite,East,Retail,540,162000,103680,20000,480,520,0.009,5.0,230
2024-09-25,Electronics,Laptop Elite,West,Online,810,243000,155520,27000,710,770,0.002,5.0,320
2024-09-26,Clothing,Winter Jacket,North,Online,3300,165000,99000,16000,3000,3150,0.029,5.0,1080
2024-09-27,Clothing,Winter Jacket,South,Online,2950,147500,88500,15000,2700,2850,0.032,5.0,1030
2024-09-28,Clothing,Winter Jacket,East,Retail,2750,137500,82500,14000,2500,2650,0.034,5.0,980
2024-09-29,Clothing,Winter Jacket,West,Online,3400,170000,102000,17000,3100,3250,0.026,5.0,1130
2024-09-30,Clothing,Summer Dress,North,Online,4400,132000,79200,19000,4000,4200,0.022,5.0,1600
2024-10-01,Clothing,Summer Dress,South,Online,4150,124500,74700,18000,3800,4000,0.024,5.0,1500
2024-10-02,Clothing,Summer Dress,East,Retail,3900,117000,70200,17000,3600,3800,0.026,5.0,1400
2024-10-03,Clothing,Summer Dress,West,Online,4600,138000,82800,20000,4200,4400,0.019,5.0,1700
2024-10-04,Clothing,Jeans Classic,North,Online,3600,108000,64800,14000,3200,3400,0.021,5.0,1400
2024-10-05,Clothing,Jeans Classic,South,Online,3450,103500,62100,13500,3100,3300,0.023,5.0,1350
2024-10-06,Clothing,Jeans Classic,East,Retail,3300,99000,59400,13000,3000,3200,0.024,5.0,1300
2024-10-07,Clothing,Jeans Classic,West,Online,3750,112500,67500,14500,3300,3500,0.019,5.0,1450
2024-10-08,Home & Garden,Garden Tools Set,North,Online,620,93000,55800,10000,540,580,0.011,5.0,280
2024-10-09,Home & Garden,Garden Tools Set,South,Online,700,105000,63000,11000,610,660,0.009,5.0,260
2024-10-10,Home & Garden,Garden Tools Set,East,Retail,540,81000,48600,9300,480,520,0.013,5.0,240
2024-10-11,Home & Garden,Garden Tools Set,West,Online,830,124500,74700,12000,730,790,0.007,5.0,310
2024-10-12,Home & Garden,Kitchen Blender,North,Online,1600,96000,57600,11800,1300,1500,0.015,5.0,660
2024-10-13,Home & Garden,Kitchen Blender,South,Online,1750,105000,63000,12800,1420,1650,0.013,5.0,620
2024-10-14,Home & Garden,Kitchen Blender,East,Retail,1500,90000,54000,11300,1220,1400,0.018,5.0,560
2024-10-15,Home & Garden,Kitchen Blender,West,Online,1850,111000,66600,14200,1500,1750,0.011,5.0,720
2024-10-16,Electronics,Smartphone Pro,North,Online,1620,243000,155520,20500,1300,1480,0.008,5.0,640
2024-10-17,Electronics,Smartphone Pro,South,Online,1480,222000,142080,19000,1190,1360,0.010,5.0,600
2024-10-18,Electronics,Smartphone Pro,East,Retail,1280,192000,122880,17000,1030,1170,0.012,5.0,560
2024-10-19,Electronics,Smartphone Pro,West,Online,1750,262500,168000,22000,1400,1600,0.006,5.0,680
2024-10-20,Electronics,Tablet Air,North,Online,1120,168000,107520,13200,860,1030,0.018,5.0,430
2024-10-21,Electronics,Tablet Air,South,Online,1000,150000,96000,11800,770,920,0.021,5.0,390
2024-10-22,Electronics,Tablet Air,East,Retail,850,127500,81600,10500,660,790,0.024,5.0,360
2024-10-23,Electronics,Tablet Air,West,Online,1250,187500,120000,16000,950,1140,0.015,5.0,550
2024-10-24,Electronics,Laptop Elite,North,Online,640,192000,122880,23000,560,610,0.003,5.0,290
2024-10-25,Electronics,Laptop Elite,South,Online,710,213000,136320,25000,620,670,0.005,5.0,270
2024-10-26,Electronics,Laptop Elite,East,Retail,560,168000,107520,20500,500,540,0.008,5.0,240
2024-10-27,Electronics,Laptop Elite,West,Online,840,252000,161280,27500,740,800,0.001,5.0,330
2024-10-28,Clothing,Winter Jacket,North,Online,3450,172500,103500,16500,3150,3300,0.027,5.0,1120
2024-10-29,Clothing,Winter Jacket,South,Online,3100,155000,93000,15500,2850,3000,0.030,5.0,1070
2024-10-30,Clothing,Winter Jacket,East,Retail,2900,145000,87000,14500,2650,2800,0.032,5.0,1020
2024-10-31,Clothing,Winter Jacket,West,Online,3550,177500,106500,17500,3250,3400,0.024,5.0,1170
2024-11-01,Clothing,Summer Dress,North,Online,4550,136500,81900,19500,4150,4350,0.020,5.0,1650
2024-11-02,Clothing,Summer Dress,South,Online,4300,129000,77400,18500,3950,4150,0.022,5.0,1550
2024-11-03,Clothing,Summer Dress,East,Retail,4050,121500,72900,17500,3750,3950,0.024,5.0,1450
2024-11-04,Clothing,Summer Dress,West,Online,4750,142500,85500,20500,4350,4550,0.017,5.0,1750
2024-11-05,Clothing,Jeans Classic,North,Online,3700,111000,66600,14200,3300,3500,0.020,5.0,1450
2024-11-06,Clothing,Jeans Classic,South,Online,3550,106500,63900,13700,3200,3400,0.022,5.0,1400
2024-11-07,Clothing,Jeans Classic,East,Retail,3400,102000,61200,13200,3100,3300,0.023,5.0,1350
2024-11-08,Clothing,Jeans Classic,West,Online,3850,115500,69300,14700,3400,3600,0.018,5.0,1500
2024-11-09,Home & Garden,Garden Tools Set,North,Online,640,96000,57600,10200,560,600,0.010,5.0,290
2024-11-10,Home & Garden,Garden Tools Set,South,Online,720,108000,64800,11200,630,680,0.008,5.0,270
2024-11-11,Home & Garden,Garden Tools Set,East,Retail,560,84000,50400,9500,500,540,0.012,5.0,250
2024-11-12,Home & Garden,Garden Tools Set,West,Online,860,129000,77400,12200,760,820,0.006,5.0,320
2024-11-13,Home & Garden,Kitchen Blender,North,Online,1650,99000,59400,12000,1340,1550,0.014,5.0,680
2024-11-14,Home & Garden,Kitchen Blender,South,Online,1800,108000,64800,13000,1460,1700,0.012,5.0,640
2024-11-15,Home & Garden,Kitchen Blender,East,Retail,1550,93000,55800,11500,1260,1450,0.017,5.0,580
2024-11-16,Home & Garden,Kitchen Blender,West,Online,1900,114000,68400,14400,1540,1800,0.010,5.0,740
2024-11-17,Electronics,Smartphone Pro,North,Online,1650,247500,158400,21000,1320,1510,0.007,5.0,660
2024-11-18,Electronics,Smartphone Pro,South,Online,1510,226500,144960,19500,1210,1380,0.009,5.0,620
2024-11-19,Electronics,Smartphone Pro,East,Retail,1310,196500,125760,17500,1050,1200,0.011,5.0,580
2024-11-20,Electronics,Smartphone Pro,West,Online,1780,267000,170880,22500,1420,1620,0.005,5.0,700
2024-11-21,Electronics,Tablet Air,North,Online,1150,172500,110400,13500,880,1050,0.017,5.0,440
2024-11-22,Electronics,Tablet Air,South,Online,1020,153000,97920,12000,780,930,0.020,5.0,400
2024-11-23,Electronics,Tablet Air,East,Retail,880,132000,84480,10800,680,810,0.023,5.0,370
2024-11-24,Electronics,Tablet Air,West,Online,1280,192000,122880,16500,980,1170,0.014,5.0,570
2024-11-25,Electronics,Laptop Elite,North,Online,660,198000,126720,23500,580,630,0.002,5.0,300
2024-11-26,Electronics,Laptop Elite,South,Online,730,219000,140160,25500,640,690,0.004,5.0,280
2024-11-27,Electronics,Laptop Elite,East,Retail,580,174000,111360,21000,520,560,0.007,5.0,250
2024-11-28,Electronics,Laptop Elite,West,Online,870,261000,167040,28000,770,830,0.000,5.0,340
2024-11-29,Clothing,Winter Jacket,North,Online,3600,180000,108000,17000,3300,3450,0.025,5.0,1160
2024-11-30,Clothing,Winter Jacket,South,Online,3250,162500,97500,16000,3000,3150,0.028,5.0,1110
2024-12-01,Clothing,Winter Jacket,East,Retail,3050,152500,91500,15000,2800,2950,0.030,5.0,1060
2024-12-02,Clothing,Winter Jacket,West,Online,3700,185000,111000,18000,3400,3550,0.022,5.0,1210
2024-12-03,Clothing,Summer Dress,North,Online,4700,141000,84600,20000,4300,4500,0.018,5.0,1700
2024-12-04,Clothing,Summer Dress,South,Online,4450,133500,80100,19000,4100,4300,0.020,5.0,1600
2024-12-05,Clothing,Summer Dress,East,Retail,4200,126000,75600,18000,3900,4100,0.022,5.0,1500
2024-12-06,Clothing,Summer Dress,West,Online,4900,147000,88200,21000,4500,4700,0.015,5.0,1800
2024-12-07,Clothing,Jeans Classic,North,Online,3800,114000,68400,14400,3400,3600,0.019,5.0,1500
2024-12-08,Clothing,Jeans Classic,South,Online,3650,109500,65700,13900,3300,3500,0.021,5.0,1450
2024-12-09,Clothing,Jeans Classic,East,Retail,3500,105000,63000,13400,3200,3400,0.022,5.0,1400
2024-12-10,Clothing,Jeans Classic,West,Online,3950,118500,71100,14900,3500,3700,0.017,5.0,1550
2024-12-11,Home & Garden,Garden Tools Set,North,Online,660,99000,59400,10400,580,620,0.009,5.0,300
2024-12-12,Home & Garden,Garden Tools Set,South,Online,740,111000,66600,11400,650,700,0.007,5.0,280
2024-12-13,Home & Garden,Garden Tools Set,East,Retail,580,87000,52200,9700,520,560,0.011,5.0,260
2024-12-14,Home & Garden,Garden Tools Set,West,Online,890,133500,80100,12400,790,850,0.005,5.0,330
2024-12-15,Home & Garden,Kitchen Blender,North,Online,1700,102000,61200,12200,1380,1600,0.013,5.0,700
2024-12-16,Home & Garden,Kitchen Blender,South,Online,1850,111000,66600,13200,1500,1750,0.011,5.0,660
2024-12-17,Home & Garden,Kitchen Blender,East,Retail,1600,96000,57600,11700,1300,1500,0.016,5.0,600
2024-12-18,Home & Garden,Kitchen Blender,West,Online,1950,117000,70200,14600,1580,1850,0.009,5.0,760
2024-12-19,Electronics,Smartphone Pro,North,Online,1680,252000,161280,21500,1340,1530,0.006,5.0,680
2024-12-20,Electronics,Smartphone Pro,South,Online,1540,231000,147840,20000,1230,1400,0.008,5.0,640
2024-12-21,Electronics,Smartphone Pro,East,Retail,1340,201000,128640,18000,1070,1220,0.010,5.0,600
2024-12-22,Electronics,Smartphone Pro,West,Online,1820,273000,174720,23000,1460,1660,0.004,5.0,720
2024-12-23,Electronics,Tablet Air,North,Online,1180,177000,113280,13800,900,1080,0.016,5.0,450
2024-12-24,Electronics,Tablet Air,South,Online,1050,157500,100800,12200,800,960,0.019,5.0,410
2024-12-25,Electronics,Tablet Air,East,Retail,910,136500,87360,11000,700,840,0.022,5.0,380
2024-12-26,Electronics,Tablet Air,West,Online,1320,198000,126720,17000,1010,1210,0.013,5.0,590
2024-12-27,Electronics,Laptop Elite,North,Online,680,204000,130560,24000,600,650,0.001,5.0,310
2024-12-28,Electronics,Laptop Elite,South,Online,750,225000,144000,26000,660,710,0.003,5.0,290
2024-12-29,Electronics,Laptop Elite,East,Retail,600,180000,115200,22000,540,580,0.006,5.0,260
2024-12-30,Electronics,Laptop Elite,West,Online,900,270000,172800,29000,800,860,0.000,5.0,350
2024-12-31,Clothing,Winter Jacket,North,Online,3750,187500,112500,17500,3450,3600,0.023,5.0,1200
